Symbol,P/E Ratio,P/B Ratio,ROE,Market Cap,1y Return,GICS Sector,GICS Sub-Industry
MMM,13.150728,14.841623,1.1329399,68892155904.0,0.4143388146977661,Industrials,Industrial Conglomerates
AOS,18.21636,5.2227855,0.29544002,10010455040.0,-0.12828278313387412,Industrials,Building Products
ABT,34.106384,4.890603,0.14840001,194623766528.0,0.04585700556400382,Health Care,Health Care Equipment
ABBV,59.832756,50.313507,0.56407,303453274112.0,0.11477543952971546,Health Care,Biotechnology
ACN,32.463726,8.208855,0.26674998,232293892096.0,0.0791370517278944,Information Technology,IT Consulting & Other Services
ADBE,36.16869,13.677375,0.35355,196789207040.0,-0.23540223878392347,Information Technology,Application Software
AMD,107.415924,3.4570363,0.03262,196976672768.0,-0.12770389811361224,Information Technology,Semiconductors
AES,8.572917,2.6680355,-0.02549,8777628672.0,-0.35400518069392595,Utilities,Independent Power Producers & Energy Traders
AFL,15.130758,2.2831326,0.16038,56569417728.0,0.26386995428518295,Financials,Life & Health Insurance
A,30.090296,6.492937,0.24658,38016225280.0,-0.02544228511914417,Health Care,Life Sciences Tools & Services
APD,17.10377,3.8550189,0.2258,65610702848.0,0.08927130067578987,Materials,Industrial Gases
ABNB,44.895832,9.718882,0.20873,80783015936.0,-0.11800820144265287,Consumer Discretionary,"Hotels, Resorts & Cruise Lines"
AKAM,28.218933,2.9967325,0.11541,14328651776.0,-0.19942926185959736,Information Technology,Internet Services & Infrastructure
ALB,,1.3331376,-0.17662,10672632832.0,-0.3825649084783918,Materials,Specialty Chemicals
ARE,60.109756,0.93205756,0.02132,17228038144.0,-0.2425080506117175,Real Estate,Office REITs
ALGN,36.48022,4.058582,0.11401,15986134016.0,-0.16027251727541364,Health Care,Health Care Supplies
ALLE,20.203077,7.266088,0.40822,11415556096.0,0.11742691520887254,Industrials,Building Products
LNT,22.856033,2.1631374,0.096540004,15072625664.0,0.16041096242432681,Utilities,Electric Utilities
ALL,12.339586,2.6782255,0.23783001,50516471808.0,0.37185393083355167,Financials,Property & Casualty Insurance
GOOGL,25.347479,7.4618354,0.32101002,2349323517952.0,0.441327196983593,Communication Services,Interactive Media & Services
GOOG,25.478807,7.5104437,0.32101002,2342871105536.0,0.4376121408159166,Communication Services,Interactive Media & Services
MO,8.967905,,,89977462784.0,0.27161677012186564,Consumer Staples,Tobacco
AMZN,48.21154,9.15149,0.22558,2372499668992.0,0.504500920492522,Consumer Discretionary,Broadline Retail
AMCR,17.915094,3.4998157,0.1958,13723503616.0,-0.010937551222739568,Materials,Paper & Plastic Packaging Products & Materials
AMTM,,,,4685996544.0,-0.3473398820908238,Industrials,Diversified Support Services
AEE,20.555294,1.9704523,0.09838,23318831104.0,0.21790041157034376,Utilities,Multi-Utilities
AEP,18.443548,1.8300028,0.10182,48719048704.0,0.11248935452244567,Utilities,Electric Utilities
AXP,21.712812,6.9877005,0.3469,207712632832.0,0.6334828780929141,Financials,Consumer Finance
AIG,14.214711,1.0005877,0.085,44599484416.0,0.08316918173157084,Financials,Multi-line Insurance
AMT,43.483173,23.211857,0.17691,84527906816.0,-0.14734855246844275,Real Estate,Telecom Tower REITs
AWK,24.71627,2.3429947,0.097040005,24277946368.0,-0.05449715601651447,Utilities,Water Utilities
AMP,20.222265,8.992413,0.56751,51282886656.0,0.39899424854513493,Financials,Asset Management & Custody Banks
AME,31.666958,4.4101195,0.14886,42117718016.0,0.11619567990984472,Industrials,Electrical Components & Equipment
AMGN,32.889668,18.412954,0.5572,138605576192.0,-0.06387729330532223,Health Care,Biotechnology
APH,40.197144,8.970288,0.25293,84808638464.0,0.41745775783711275,Information Technology,Electronic Components
ADI,63.935978,2.958788,0.04658,104078442496.0,0.04395659904631052,Information Technology,Semiconductors
ANSS,52.237423,5.0691605,0.10479999,29556011008.0,0.14385928635738152,Information Technology,Application Software
AON,30.316196,12.266912,0.82182,76512747520.0,0.1396772763333684,Financials,Insurance Brokers
APA,2.921875,1.4878843,0.6186,7609809920.0,-0.41793209946486326,Energy,Oil & Gas Exploration & Production
AAPL,41.399673,66.819756,1.5741299,3804798124032.0,0.27402944466567214,Information Technology,"Technology Hardware, Storage & Peripherals"
AMAT,18.99186,7.1469827,0.4391,132899168256.0,0.008521178813319383,Information Technology,Semiconductor Materials & Equipment
APTV,6.318486,1.5011773,0.24212,13335943168.0,-0.3493118845847553,Consumer Discretionary,Automotive Parts & Equipment
ACGL,5.9989934,1.5617465,0.30441,33630390272.0,0.21744762143072247,Financials,Property & Casualty Insurance
ADM,13.991573,1.0588635,0.1075,23835779072.0,-0.3424422260951681,Consumer Staples,Agricultural Products & Services
ANET,52.361294,3.726592,0.33833998,137861955584.0,0.857981220809309,Information Technology,Communications Equipment
AJG,53.40267,5.0389857,0.10321999,69902368768.0,0.2559130633205854,Financials,Insurance Brokers
AIZ,14.997141,2.051109,0.15215,10760608768.0,0.28489194797714273,Financials,Multi-line Insurance
T,18.329432,1.5803449,0.08759,161768341504.0,0.36472153288017256,Communication Services,Integrated Telecommunication Services
ATO,20.334553,1.7695737,0.090179995,21582727168.0,0.2095888771640234,Utilities,Gas Utilities
ADSK,58.134922,33.80249,0.57445997,63144132608.0,0.20929468042033875,Information Technology,Application Software
ADP,31.260427,22.279518,0.87263,119093567488.0,0.24833434878291705,Industrials,Human Resource & Employment Services
AZO,21.576796,,,54268059648.0,0.22840889951807297,Consumer Discretionary,Automotive Retail
AVB,30.157787,2.6384954,0.08808,31399528448.0,0.17491620416160755,Real Estate,Multi-Family Residential REITs
AVY,22.493397,6.296035,0.30241,15054504960.0,-0.05263425890565365,Materials,Paper & Plastic Packaging Products & Materials
AXON,160.41667,22.319649,0.16424,46972956672.0,1.4064380431338876,Industrials,Aerospace & Defense
BKR,17.90583,2.439516,0.14292,39511773184.0,0.18910059940046323,Energy,Oil & Gas Equipment & Services
BALL,23.184416,2.4982085,0.14048,16605198336.0,-0.0477049337229813,Materials,"Metal, Glass & Plastic Containers"
BAC,15.836956,1.2357582,0.08092,335381594112.0,0.30089288897254984,Financials,Diversified Banks
BAX,116.6404,1.8909346,0.01627,14888797184.0,-0.24650903457308362,Health Care,Health Care Equipment
BDX,38.160137,2.5036325,0.05633,64763322368.0,-0.05489217673671014,Health Care,Health Care Equipment
BRK.B,,,,,,Financials,Multi-Sector Holdings
BBY,14.542808,5.991957,0.4241,18157694976.0,0.0984221500308797,Consumer Discretionary,Computer & Electronics Retail
TECH,74.936844,5.2886114,0.07287,11311521792.0,-0.06316614761548534,Health Care,Life Sciences Tools & Services
BIIB,13.332128,1.3121004,0.1047,21467324416.0,-0.4062789488365366,Health Care,Biotechnology
BLK,25.255987,3.6760962,0.1505,158459805696.0,0.24923076326884921,Financials,Asset Management & Custody Banks
BX,59.127586,18.789173,0.22041,207972532224.0,0.32542326422274415,Financials,Asset Management & Custody Banks
BK,17.18121,1.4831696,0.08563,55839592448.0,0.48750729155391465,Financials,Asset Management & Custody Banks
BA,,,,133815771136.0,-0.32320728708107616,Industrials,Aerospace & Defense
BKNG,33.7808,,,165256462336.0,0.43517325316010497,Consumer Discretionary,"Hotels, Resorts & Cruise Lines"
BWA,7.856436,1.1276112,0.15923999,6941537792.0,-0.08950088309255291,Consumer Discretionary,Automotive Parts & Equipment
BSX,73.264465,6.3078127,0.08916,130655035392.0,0.5884250016934084,Health Care,Health Care Equipment
BMY,,6.6639066,-0.3133,114247385088.0,0.10689727857439911,Health Care,Pharmaceuticals
AVGO,169.63847,3.7238479,0.12509,1030003032064.0,0.9793934626567965,Information Technology,Semiconductors
BR,38.780273,11.876125,0.31812,26200668160.0,0.15690319430443547,Industrials,Data Processing & Outsourced Services
BRO,27.888283,4.5285606,0.18144,29267802112.0,0.4732977785470259,Financials,Insurance Brokers
BF.B,,,,,,Consumer Staples,Distillers & Vintners
BLDR,14.436951,3.8380978,0.27435,16996903936.0,-0.09119434229509059,Industrials,Building Products
BG,9.925221,1.0788434,0.10922,10934191104.0,-0.2526245612624806,Consumer Staples,Agricultural Products & Services
BXP,32.35648,2.041418,0.058280002,13125735424.0,0.04200365296530495,Real Estate,Office REITs
CHRW,36.73387,7.643523,0.22818,12548748288.0,0.2496868759860061,Industrials,Air Freight & Logistics
CDNS,79.80789,18.226456,0.27072,83175743488.0,0.11693430054757879,Information Technology,Application Software
CZR,,1.7079258,-0.063769996,7152034816.0,-0.29802292080107845,Consumer Discretionary,Casinos & Gaming
CPT,36.154575,2.797959,0.07229,12226709504.0,0.15826179024846923,Real Estate,Multi-Family Residential REITs
CPB,22.778688,3.274034,0.15203,12426674176.0,-0.05002278125328451,Consumer Staples,Packaged Foods & Meats
COF,16.644949,1.1578658,0.07479,67248771072.0,0.35926907948831754,Financials,Consumer Finance
CAH,22.371155,,,28153024512.0,0.15762766746954107,Health Care,Health Care Distributors
KMX,32.011276,2.1403615,0.06853,13191779328.0,0.1392829001826298,Consumer Discretionary,Automotive Retail
CCL,21.431625,3.6956525,0.20120001,33646888960.0,0.3473938710669263,Consumer Discretionary,"Hotels, Resorts & Cruise Lines"
CARR,39.664703,4.120127,0.13931,60500017152.0,0.17617300107341172,Industrials,Building Products
CAT,16.865831,9.042463,0.53475,175397142528.0,0.27140064730504593,Industrials,Construction Machinery & Heavy Transportation Equipment
CBOE,26.918938,4.9146833,0.19518,20684384256.0,0.12879921327968,Financials,Financial Exchanges & Data
CBRE,41.177994,4.4032254,0.11434,38937726976.0,0.39640028565014923,Real Estate,Real Estate Services
CDW,21.15127,9.809911,0.53360003,23056990208.0,-0.22493661993925876,Information Technology,Technology Distributors
CE,6.7166333,1.0129786,0.15095,7371454464.0,-0.5563487002724096,Materials,Specialty Chemicals
COR,29.92374,56.293663,2.0911798,43608801280.0,0.12626664971668833,Health Care,Health Care Distributors
CNC,10.187823,1.1018492,0.11559,29780723712.0,-0.20523446150784463,Health Care,Managed Health Care
CNP,21.156668,1.963192,0.09573,20682555392.0,0.09961884751204023,Utilities,Multi-Utilities
CF,13.396196,2.837053,0.1792,14709910528.0,0.10873558693352069,Materials,Fertilizers & Agricultural Chemicals
CRL,22.855312,2.4719133,0.11924,9349870592.0,-0.20782244827640006,Health Care,Life Sciences Tools & Services
SCHW,29.121096,3.5870664,0.12111,136468250624.0,0.05029585131000825,Financials,Investment Banking & Brokerage
CHTR,11.089912,3.570175,0.32965,50331713536.0,-0.06827574274596038,Communication Services,Cable & Satellite
CVX,15.562021,1.6310589,0.103520006,252764569600.0,-0.05075327433064134,Energy,Integrated Oil & Gas
CMG,57.148148,23.290565,0.45673,84099055616.0,0.3585915579292882,Consumer Discretionary,Restaurants
CB,11.252973,1.682204,0.16125,110634270720.0,0.24714855419043621,Financials,Property & Casualty Insurance
CHD,47.430492,6.1774325,0.13338,25913438208.0,0.15595624746520662,Consumer Staples,Household Products
CI,25.860794,1.8132503,0.07606,75960803328.0,-0.05993116579039372,Health Care,Health Care Services
CINF,7.342322,1.6186578,0.25135002,22346012672.0,0.39495508536576013,Financials,Property & Casualty Insurance
CTAS,46.667507,18.579021,0.40462002,74719207424.0,0.3264126075155903,Industrials,Diversified Support Services
CSCO,24.813305,5.0947304,0.20761,230263259136.0,0.15931421425687103,Information Technology,Communications Equipment
C,19.672365,0.6775786,0.03874,130591514624.0,0.3857114291479913,Financials,Diversified Banks
CFG,16.809805,0.8362924,0.05426,18890649600.0,0.27726459846277707,Financials,Regional Banks
CLX,56.6493,336.39172,2.08451,20194869248.0,0.14967225485349048,Consumer Staples,Household Products
CME,25.22187,3.0565538,0.12297,86436421632.0,0.160257367423721,Financials,Financial Exchanges & Data
CMS,18.851429,2.4996214,0.11501,19713835008.0,0.13797868019763526,Utilities,Multi-Utilities
KO,26.101658,10.223468,0.3723,270982152192.0,0.07330891406241964,Consumer Staples,Soft Drinks & Non-alcoholic Beverages
CTSH,17.597345,2.7298625,0.16478,39437840384.0,0.04424317746611144,Information Technology,IT Consulting & Other Services
CL,26.758621,175.0376,4.87923,76080070656.0,0.20966483094073166,Consumer Staples,Household Products
CMCSA,10.11,1.6767142,0.16884,143526248448.0,-0.1567423788599904,Communication Services,Cable & Satellite
CAG,26.382353,1.4770294,0.05605,12843416576.0,-0.08250937888131303,Consumer Staples,Packaged Foods & Meats
COP,11.368919,2.211352,0.20376,123974795264.0,-0.16317445688855922,Energy,Oil & Gas Exploration & Production
ED,16.880638,1.4189669,0.08582,31113658368.0,-0.0005008143540288766,Utilities,Multi-Utilities
STZ,72.99361,5.2682915,0.07111,41487183872.0,-0.03379009247357637,Consumer Staples,Distillers & Vintners
CEG,25.13271,5.6823955,0.22846001,71374995456.0,0.9217263312088816,Utilities,Electric Utilities
COO,46.90306,2.3095667,0.0465,18347665408.0,0.012444903253735,Health Care,Health Care Supplies
CPRT,41.16783,7.5348773,0.20129,56722890752.0,0.2036393194754764,Industrials,Diversified Support Services
GLW,248.73683,3.4648092,0.019299999,40464437248.0,0.551542998752897,Information Technology,Electronic Components
CPAY,24.376873,7.7076893,0.32836,23807698944.0,0.23101322146084416,Financials,Transaction & Payment Processing Services
CTVA,59.145832,1.5818799,0.02704,39024496640.0,0.21976368871971463,Materials,Fertilizers & Agricultural Chemicals
CSGP,167.32144,3.8416336,0.02386,28809938944.0,-0.19749912332096908,Real Estate,Real Estate Services
COST,56.584217,18.023561,0.30267,426539483136.0,0.4583649207850172,Consumer Staples,Consumer Staples Merchandise Retail
CTRA,14.424242,1.3439494,0.095979996,17527390208.0,-0.05292478981783947,Energy,Oil & Gas Exploration & Production
CRWD,680.46155,37.144657,0.07334,87154688000.0,0.36050451632722197,Information Technology,Systems Software
CCI,32.620567,7.5556464,0.20527,39978672128.0,-0.1847748949910224,Real Estate,Telecom Tower REITs
CSX,16.962765,4.756152,0.29458,61497311232.0,-0.06205884148092831,Industrials,Rail Transportation
CMI,23.201427,4.708663,0.19375,48569806848.0,0.46587920456936077,Industrials,Construction Machinery & Heavy Transportation Equipment
CVS,11.119289,0.7353879,0.06697,55130943488.0,-0.3916431735369998,Health Care,Health Care Services
DHR,42.93207,3.203345,0.07586,164346445824.0,0.0013642457616619141,Health Care,Life Sciences Tools & Services
DRI,21.16051,10.086971,0.48619,21531875328.0,0.12776167028752614,Consumer Discretionary,Restaurants
DVA,15.932651,31.592949,0.44884,12127657984.0,0.39894968598859454,Health Care,Health Care Services
DAY,216.94118,4.553649,0.02194,11631951872.0,0.07820491430677012,Industrials,Human Resource & Employment Services
DECK,36.06979,13.958362,0.4357,31015634944.0,0.742903445221782,Consumer Discretionary,Footwear
DE,16.65371,5.0578947,0.35481,115781926912.0,0.10429451489880989,Industrials,Agricultural & Farm Machinery
DELL,20.095745,,,79390023680.0,0.5825187376622885,Information Technology,"Technology Hardware, Storage & Peripherals"
DAL,8.310679,2.8151278,0.4067,38665236480.0,0.4152101547709348,Industrials,Passenger Airlines
DVN,5.711111,1.4213291,0.26279,20258795520.0,-0.3126810589096563,Energy,Oil & Gas Exploration & Production
DXCM,45.59485,14.847345,0.32061002,29385048064.0,-0.38631616799380836,Health Care,Health Care Equipment
FANG,8.949192,1.2123013,0.122650005,45258293248.0,0.012344062321952974,Energy,Oil & Gas Exploration & Production
DLR,143.93951,2.882882,0.01956,60347383808.0,0.3504199370738013,Real Estate,Data Center REITs
DFS,13.751207,2.4836762,0.20263,42880585728.0,0.6107704918646174,Financials,Consumer Finance
DG,12.178219,2.401953,0.20882,16230539264.0,-0.4322202994493429,Consumer Staples,Consumer Staples Merchandise Retail
DLTR,,2.061917,-0.12983,14880698368.0,-0.47098846999637456,Consumer Staples,Consumer Staples Merchandise Retail
D,19.664207,1.7096567,0.085030004,44764131328.0,0.09921620088095272,Utilities,Multi-Utilities
DPZ,26.025011,,,14630766592.0,0.05908563367706581,Consumer Discretionary,Restaurants
DOV,17.269754,4.5780463,0.2911,26085687296.0,0.24927728779329936,Industrials,Industrial Machinery & Supplies & Components
DOW,26.32,1.5094627,0.05863,27639633920.0,-0.27212392476916475,Materials,Commodity Chemicals
DHI,9.6336355,1.7671757,0.19631,44290445312.0,-0.08034106661486547,Consumer Discretionary,Homebuilding
DTE,16.045393,2.1155736,0.13638,24523864064.0,0.07747952021313988,Utilities,Multi-Utilities
DUK,19.280071,1.7214626,0.088369995,82956836864.0,0.11135260728624173,Utilities,Electric Utilities
DD,60.414066,1.3347026,0.02187,32320460800.0,0.05598795966370656,Materials,Specialty Chemicals
EMN,12.185134,1.8627275,0.15925,10536619008.0,0.0274793591550146,Materials,Specialty Chemicals
ETN,35.925903,6.966386,0.20079,133176467456.0,0.4194220131986177,Industrials,Electrical Components & Equipment
EBAY,16.204031,5.720765,0.35851002,30814070784.0,0.5355688768946482,Consumer Discretionary,Broadline Retail
ECL,33.227783,10.099501,0.25164,67085066240.0,0.20395413399353948,Materials,Specialty Chemicals
EIX,22.944445,2.1672006,0.07411,30379661312.0,0.12019982586901577,Utilities,Electric Utilities
EW,28.20174,4.513254,0.19139,43080466432.0,-0.05016252395843141,Health Care,Health Care Equipment
EA,38.602566,5.347945,0.13962,39485198336.0,0.08441980167201507,Communication Services,Interactive Home Entertainment
ELV,13.245359,1.9277537,0.15504,84385185792.0,-0.22330612487660823,Health Care,Managed Health Care
EMR,43.825623,3.245487,0.05933,70137741312.0,0.28750652965289963,Industrials,Electrical Components & Equipment
ENPH,145.58696,9.712835,0.06312,9048116224.0,-0.45957067293206283,Information Technology,Semiconductor Materials & Equipment
ETR,18.116714,1.0619956,0.11951,31929511936.0,0.47620348067690155,Utilities,Electric Utilities
EOG,9.585149,2.2677538,0.24908,66796560384.0,-0.01123968418333973,Energy,Oil & Gas Exploration & Production
EPAM,32.074677,3.9406922,0.13094,14008768512.0,-0.15728324314575443,Information Technology,IT Consulting & Other Services
EQT,57.353333,1.261326,0.018229999,25666363392.0,0.11901667342310045,Energy,Oil & Gas Exploration & Production
EFX,56.534523,6.4067035,0.11927,31463974912.0,0.037775919884746864,Industrials,Research & Consulting Services
EQIX,83.73561,6.611989,0.08267,89844023296.0,0.1585234310973191,Real Estate,Data Center REITs
EQR,29.936708,2.4837217,0.08361,27748046848.0,0.1572336545265635,Real Estate,Multi-Family Residential REITs
ERIE,38.263107,10.969586,0.31418,21368266752.0,0.2603706629541952,Financials,Insurance Brokers
ESS,33.299953,3.367411,0.10176,18961963008.0,0.16233763280893224,Real Estate,Multi-Family Residential REITs
EL,132.40178,5.2354894,0.03857,26616422400.0,-0.48381372209606305,Consumer Staples,Personal Care Products
EG,5.4618506,0.981555,0.20858,15044658176.0,-0.016934393975194955,Financials,Reinsurance
EVRG,16.443243,1.3956369,0.08733,13991739392.0,0.17542507970440221,Utilities,Electric Utilities
ES,,1.3663741,-0.03491,20698048512.0,-0.0862180207484483,Utilities,Electric Utilities
EXC,15.27572,1.4010719,0.0933,37299290112.0,0.045928350981368174,Utilities,Electric Utilities
EXPE,23.39323,17.509016,0.38564998,23058642944.0,0.23063221386426963,Consumer Discretionary,"Hotels, Resorts & Cruise Lines"
EXPD,22.214424,6.768427,0.30290002,15951665152.0,-0.08429086477304007,Industrials,Air Freight & Logistics
EXR,38.62,2.1912303,0.05568,31942744064.0,-0.05792622797622079,Real Estate,Self-Storage REITs
XOM,13.231632,1.7386111,0.14513999,466978308096.0,0.05302277892185088,Energy,Integrated Oil & Gas
FFIV,26.362684,4.6689067,0.19117,14741647360.0,0.415944189358124,Information Technology,Communications Equipment
FDS,35.30554,9.745789,0.30411,18656299008.0,0.07471116790712228,Financials,Financial Exchanges & Data
FICO,100.98488,,,50429370368.0,0.8332771844629773,Information Technology,Application Software
FAST,37.20398,11.90954,0.32698002,42840416256.0,0.16552360522166387,Industrials,Trading Companies & Distributors
FRT,32.354652,3.2033389,0.09324,9526456320.0,0.05878995570495001,Real Estate,Retail REITs
FDX,16.966665,2.4710958,0.1507,67154620416.0,-0.02285905292769225,Industrials,Air Freight & Logistics
FIS,83.33897,2.6492364,0.03034,43519889408.0,0.36069346457792567,Financials,Transaction & Payment Processing Services
FITB,14.21,1.5443414,0.119160004,28585248768.0,0.21695696698996308,Financials,Regional Banks
FSLR,15.574506,2.549274,0.17964001,19358228480.0,0.07203420458393316,Information Technology,Semiconductors
FE,25.467741,1.8306822,0.083050005,22750111744.0,0.06746887406083193,Utilities,Electric Utilities
FI,39.433525,4.2036724,0.10618,116434960384.0,0.538681393236138,Financials,Transaction & Payment Processing Services
FMC,4.011485,1.3248084,0.38454,6104480768.0,-0.1782893143153586,Materials,Fertilizers & Agricultural Chemicals
F,11.090909,0.87533635,0.0799,38789070848.0,-0.18801997860342098,Consumer Discretionary,Automobile Manufacturers
FTNT,47.660805,79.97049,3.1152499,72694235136.0,0.6400656790187303,Information Technology,Systems Software
FTV,29.332,2.4101098,0.08615,25441769472.0,0.01734184195679993,Industrials,Industrial Machinery & Supplies & Components
FOXA,12.007335,1.9939909,0.17711,21744533504.0,0.6490933337142053,Communication Services,Broadcasting
FOX,11.300734,1.8766495,0.17711,21754415104.0,0.6716094704655166,Communication Services,Broadcasting
BEN,23.729412,0.84432167,0.04321,10562383872.0,-0.31371213014049615,Financials,Asset Management & Custody Banks
FCX,27.822464,3.1440387,0.16870001,55170928640.0,-0.07481926607798381,Materials,Copper
GRMN,26.101522,5.2645316,0.21909,39495700480.0,0.6306984631303286,Consumer Discretionary,Consumer Electronics
IT,35.745937,35.23331,1.30419,37333004288.0,0.08905986538948159,Information Technology,IT Consulting & Other Services
GE,32.48515,9.444332,0.22552,178252857344.0,0.6746631515645741,Industrials,Aerospace & Defense
GEHC,21.278082,4.2661357,0.21853,35483041792.0,0.035395263347346155,Health Care,Health Care Equipment
GEV,78.849525,9.642267,,91722153984.0,1.3429445508171274,Industrials,Heavy Electrical Equipment
GEN,27.9798,8.132708,0.2766,17071399936.0,0.19499570311715728,Information Technology,Systems Software
GNRC,33.060417,3.9185617,0.123780005,9441627136.0,0.23773492029809204,Industrials,Electrical Components & Equipment
GD,19.751335,3.0943334,0.16952999,71200473088.0,0.025301917689301574,Industrials,Aerospace & Defense
GIS,14.09674,3.8582141,0.24168,35807408128.0,-0.005749769901582918,Consumer Staples,Packaged Foods & Meats
GM,5.4247603,0.78823316,0.14167,55892668416.0,0.39910445896798186,Consumer Discretionary,Automobile Manufacturers
GPC,14.9213915,3.4288845,0.24416,16098978816.0,-0.16330658699180234,Consumer Discretionary,Distributors
GILD,1009.55554,6.12801,0.00561,113236090880.0,0.1310842591718465,Health Care,Biotechnology
GPN,20.963207,1.2390846,0.06064,28275668992.0,-0.13321103365980969,Financials,Transaction & Payment Processing Services
GL,8.972881,1.9236568,0.23546,8888107008.0,-0.13170415668726365,Financials,Life & Health Insurance
GDDY,16.294306,79.93312,,28526049280.0,0.9336695746169729,Information Technology,Internet Services & Infrastructure
GS,16.400927,1.7081223,0.1017,175663923200.0,0.4706567370453281,Financials,Investment Banking & Brokerage
HAL,9.104896,2.2205167,0.26293,22876192768.0,-0.2730317940429806,Energy,Oil & Gas Equipment & Services
HIG,10.813252,1.8784337,0.19740999,31221260288.0,0.34894791944184633,Financials,Property & Casualty Insurance
HAS,,6.246218,-0.36224997,8040850944.0,0.14410673580268973,Consumer Discretionary,Leisure Products
HCA,13.432165,,11.954511,75735801856.0,0.10581006620662879,Health Care,Health Care Facilities
DOC,40.867344,1.6356285,0.04085,14006345728.0,0.024296695652513262,Real Estate,Health Care REITs
HSIC,28.331964,2.4698987,0.06334,8619197440.0,-0.06770066310395043,Health Care,Health Care Distributors
HSY,19.504602,8.156248,0.43405998,34298161152.0,-0.06722255872189949,Consumer Staples,Packaged Foods & Meats
HES,15.002336,3.6488252,0.2885,39614734336.0,-0.11091897668510643,Energy,Integrated Oil & Gas
HPE,10.875648,1.2344154,0.086660005,27224029184.0,0.2553828129857137,Information Technology,"Technology Hardware, Storage & Peripherals"
HLT,52.707268,,,60133212160.0,0.39180727932848586,Consumer Discretionary,"Hotels, Resorts & Cruise Lines"
HOLX,21.503012,3.253281,0.13846,16201317376.0,0.00577621884086307,Health Care,Health Care Equipment
HD,26.46884,66.77273,4.04933,387298328576.0,0.10137284273481638,Consumer Discretionary,Home Improvement Retail
HON,26.205305,8.487746,0.31865,147736117248.0,0.11701083464078303,Industrials,Industrial Conglomerates
HRL,21.585033,2.2116122,0.10005,17420181504.0,0.02091375869130845,Consumer Staples,Packaged Foods & Meats
HST,17.237864,1.8490938,0.105229996,12579932160.0,-0.07284597835781761,Real Estate,Hotel & Resort REITs
HWM,42.27308,10.060412,0.25719,44652146688.0,1.0816288873156474,Industrials,Aerospace & Defense
HPQ,11.626334,,,30637858816.0,0.06140342560550417,Information Technology,"Technology Hardware, Storage & Peripherals"
HUBB,30.475557,7.076809,0.25344,22751729664.0,0.30263042155201436,Industrials,Industrial Machinery & Supplies & Components
HUM,20.339573,1.5978853,0.078379996,28066781184.0,-0.494882522268025,Health Care,Managed Health Care
HBAN,15.606797,1.282307,0.08545,23353921536.0,0.2500000926977393,Financials,Regional Banks
HII,10.669305,1.7571267,0.17666,7385264128.0,-0.25561032056214933,Industrials,Aerospace & Defense
IBM,32.603085,8.471376,0.26729,207104950272.0,0.3806521973249385,Information Technology,IT Consulting & Other Services
IEX,32.87461,4.220809,0.13592,16081355776.0,0.0048260656930016925,Industrials,Industrial Machinery & Supplies & Components
IDXX,39.79117,20.881134,0.59424,33723281408.0,-0.23884416627344882,Health Care,Health Care Equipment
ITW,22.493505,22.624748,1.08036,76718940160.0,0.005651434062763392,Industrials,Industrial Machinery & Supplies & Components
INCY,739.8888,4.0485163,0.00802,12828562432.0,0.0688603074376617,Health Care,Biotechnology
IR,45.20488,3.640542,0.08479,37347123200.0,0.23824161816570752,Industrials,Industrial Machinery & Supplies & Components
PODD,43.7155,16.099503,0.48786,17999855616.0,0.23984144483782274,Health Care,Health Care Equipment
INTC,,0.83510107,-0.15597,83197771776.0,-0.5821056980222497,Information Technology,Semiconductors
ICE,35.528572,3.1451817,0.09408,85678694400.0,0.21218524021406185,Financials,Financial Exchanges & Data
IFF,,1.4933457,-0.1453,22062800896.0,0.08377289548927636,Materials,Specialty Chemicals
IP,45.884617,2.1613188,0.04797,18650599424.0,0.43427734265520457,Materials,Paper & Plastic Packaging Products & Materials
IPG,13.700473,2.9039192,0.21792999,10819698688.0,-0.11582948476617705,Communication Services,Advertising
INTU,63.28189,9.879979,0.16597,181919465472.0,0.06802685061367157,Information Technology,Application Software
ISRG,85.253624,12.101419,0.15973,188570075136.0,0.6322644607073135,Health Care,Health Care Equipment
IVZ,,0.7073834,-0.00944,7600030208.0,-0.03591796095959857,Financials,Asset Management & Custody Banks
INVH,44.72222,1.9892507,0.04369,19725914112.0,-0.05875470258183981,Real Estate,Single-Family Residential REITs
IQV,25.048683,4.9620743,0.22001,34552156160.0,-0.16032994842890066,Health Care,Life Sciences Tools & Services
IRM,284.9583,,0.54398996,30104594432.0,0.5103798858960663,Real Estate,Other Specialized REITs
JBHT,30.74909,4.262849,0.14192,17052368896.0,-0.16368314659137126,Industrials,Cargo Ground Transportation
JBL,13.213138,9.15428,0.60295,15614123008.0,0.051801928501479265,Information Technology,Electronic Manufacturing Services
JKHY,32.449726,6.7273073,0.22278,12950275072.0,0.07994645498206981,Financials,Transaction & Payment Processing Services
J,28.08768,2.5264778,0.093260005,16685246464.0,0.2701661922685813,Industrials,Construction & Engineering
JNJ,23.835537,4.948017,0.20889,347190853632.0,-0.07060454738652432,Health Care,Pharmaceuticals
JCI,38.134617,3.2780921,0.0805,52524515328.0,0.5125858461488324,Industrials,Building Products
JPM,13.011118,2.0327399,0.16216,658986631168.0,0.4166314433015872,Financials,Diversified Banks
JNPR,49.20395,2.66517,0.055760004,12381073408.0,0.27584446056424855,Information Technology,Communications Equipment
K,26.93709,7.606186,0.26036,27762630656.0,0.4978965956682719,Consumer Staples,Packaged Foods & Meats
KVUE,39.10909,3.8721874,0.098809995,41240264704.0,0.024773723841540127,Consumer Staples,Personal Care Products
KDP,19.584337,1.7660798,0.09052,44098187264.0,0.01689080449723822,Consumer Staples,Soft Drinks & Non-alcoholic Beverages
KEY,inf,1.1772221,0.0096700005,16896418816.0,0.190293326783704,Financials,Regional Banks
KEYS,45.555553,5.3050656,0.18031,27690360832.0,0.008641866698647914,Information Technology,Electronic Equipment & Instruments
KMB,17.095856,34.253826,2.30998,44013346816.0,0.10498989475728254,Consumer Staples,Household Products
KIM,43.444443,1.5027864,0.03829,15813940224.0,0.05060453043562117,Real Estate,Retail REITs
KMI,23.02876,1.9013956,0.083500005,57812623360.0,0.48785016723925295,Energy,Oil & Gas Storage & Transportation
KKR,45.024765,5.358906,0.08284,134202507264.0,0.7352344220521825,Financials,Asset Management & Custody Banks
KLAC,28.939241,23.814142,0.90577006,84734279680.0,0.08263116774471485,Information Technology,Semiconductor Materials & Equipment
KHC,27.355856,0.75961876,0.027999999,36716449792.0,-0.1701284601123308,Consumer Staples,Packaged Foods & Meats
KR,16.243387,4.9764953,0.24285999,44429410304.0,0.39197462426399954,Consumer Staples,Food Retail
LHX,33.536312,2.1146736,0.06258,40200036352.0,0.01717856877139394,Industrials,Aerospace & Defense
LH,42.941177,2.3183389,0.05432,18927572992.0,0.030979512764272493,Health Care,Health Care Services
LRCX,23.167929,10.917934,0.49116,92112723968.0,-0.07448094224553158,Information Technology,Semiconductor Materials & Equipment
LW,14.291102,4.726349,0.37015,8681380864.0,-0.41646602912142694,Consumer Staples,Packaged Foods & Meats
LVS,25.514853,10.905629,0.45166,37367840768.0,0.07666601348507865,Consumer Discretionary,Casinos & Gaming
LDOS,16.381683,4.161224,0.27035,19213684736.0,0.3388655604955283,Industrials,Diversified Support Services
LEN,9.631285,1.3647069,0.15878001,37208334336.0,-0.07609861135614533,Consumer Discretionary,Homebuilding
LLY,81.59243,47.692257,0.65318,678740754432.0,0.3193657951519493,Health Care,Pharmaceuticals
LIN,32.09795,5.1383877,0.1619,201286287360.0,0.03767982208142795,Materials,Industrial Gases
LYV,149.60674,106.01114,0.35808998,30704257024.0,0.4317203644783266,Communication Services,Movies & Entertainment
LKQ,13.499999,1.5328696,0.117740005,9510636544.0,-0.21491415702964412,Consumer Discretionary,Distributors
LMT,17.407675,15.759801,0.81037,113966432256.0,0.08825058384787697,Industrials,Aerospace & Defense
L,10.888297,1.0327821,0.10669,17733322752.0,0.20411760666791132,Financials,Multi-line Insurance
LOW,20.469425,,,138927898624.0,0.09066226216438476,Consumer Discretionary,Home Improvement Retail
LULU,26.786127,11.056698,0.43159,45147762688.0,-0.24567613301928615,Consumer Discretionary,"Apparel, Accessories & Luxury Goods"
LYB,11.1919565,1.7462591,0.1586,23952451584.0,-0.22379499201129618,Materials,Specialty Chemicals
MTB,13.907846,1.1788381,0.08676,31175725056.0,0.31616006936357616,Financials,Regional Banks
MPC,10.265605,2.2696934,0.21053,42494369792.0,-0.10890289330818105,Energy,Oil & Gas Refining & Marketing
MKTX,31.158321,6.2660894,0.21625,8681815040.0,-0.17528658868361907,Financials,Financial Exchanges & Data
MAR,29.392147,,,78003175424.0,0.269309071624055,Consumer Discretionary,"Hotels, Resorts & Cruise Lines"
MMC,26.041357,7.5669036,0.32048,103594811392.0,0.12727128614177038,Financials,Insurance Brokers
MLM,16.428528,3.531639,0.23437001,32381591552.0,0.0813977317305947,Materials,Construction Materials
MAS,19.453457,,5.70874,15780959232.0,0.0656322449515838,Industrials,Building Products
MA,39.832703,65.066154,1.7757801,482953494528.0,0.25711348934236106,Financials,Transaction & Payment Processing Services
MTCH,14.080717,,,7884257792.0,-0.08454809571531637,Communication Services,Interactive Media & Services
MKC,26.70068,3.8855617,0.15067,21064925184.0,0.1737440673412734,Consumer Staples,Packaged Foods & Meats
MCD,25.539036,,,208640327680.0,0.01348905262712834,Consumer Discretionary,Restaurants
MCK,29.589098,,,72716943360.0,0.3034904978996293,Health Care,Health Care Distributors
MDT,24.539757,2.0956075,0.07948,102897369088.0,-0.028628469268806443,Health Care,Health Care Equipment
MRK,20.702929,5.630405,0.28332,250333167616.0,-0.06440875495337221,Health Care,Pharmaceuticals
META,28.57547,9.2934065,0.36134,1529336037376.0,0.8087900498776317,Communication Services,Interactive Media & Services
MET,16.26572,1.8010106,0.13260001,55525158912.0,0.20840870560355798,Financials,Life & Health Insurance
MTD,32.52524,,,25423161344.0,0.01186366666984502,Health Care,Life Sciences Tools & Services
MGM,12.114696,3.1049054,0.2901,10063611904.0,-0.21577725211857318,Consumer Discretionary,Casinos & Gaming
MCHP,39.65625,4.886198,0.118030004,30665955328.0,-0.38063989769660134,Information Technology,Semiconductors
MU,25.106018,2.1530902,0.01743,97612193792.0,0.07628054053709586,Information Technology,Semiconductors
MSFT,36.48845,11.429457,0.35604,3288001150976.0,0.19268738823852097,Information Technology,Systems Software
MAA,34.184685,2.9822183,0.08611,18206920704.0,0.12830801337083678,Real Estate,Multi-Family Residential REITs
MRNA,,1.2564963,-0.17524,14979039232.0,-0.5474363647217728,Health Care,Biotechnology
MHK,13.267495,0.9449509,0.07457,7419909120.0,0.11495781761832201,Consumer Discretionary,Home Furnishings
MOH,14.887589,3.4975624,0.26454002,16741868544.0,-0.19364705057427914,Health Care,Managed Health Care
TAP,13.195946,0.9066011,0.071669996,12079149056.0,-0.05194173339969343,Consumer Staples,Brewers
MDLZ,21.287233,2.881901,0.13552,80271515648.0,-0.15091935826753386,Consumer Staples,Packaged Foods & Meats
MPWR,67.64181,12.416876,0.20214,29201172480.0,-0.054759900853408934,Information Technology,Semiconductors
MNST,32.67949,8.578159,0.23517,49579069440.0,-0.07460520237734093,Consumer Staples,Soft Drinks & Non-alcoholic Beverages
MCO,42.514156,21.605328,0.54016,84368474112.0,0.19655066493744705,Financials,Financial Exchanges & Data
MS,18.560791,2.0967963,0.11079001,196756307968.0,0.33358806302189664,Financials,Investment Banking & Brokerage
MOS,21.238937,0.64604706,0.03346,7623479808.0,-0.34462040688091405,Materials,Fertilizers & Agricultural Chemicals
MSI,51.092754,58.58464,1.82528,77787299840.0,0.49904987623918073,Information Technology,Communications Equipment
MSCI,39.459015,,,47159926784.0,0.1320026725126062,Financials,Financial Exchanges & Data
NDAQ,46.95181,4.045889,0.10888,44796641280.0,0.423821703536149,Financials,Financial Exchanges & Data
NTAP,21.513813,20.99946,1.2042199,23750207488.0,0.31376520580746914,Information Technology,"Technology Hardware, Storage & Peripherals"
NFLX,51.175705,17.04156,0.34714,387195699200.0,0.9188450668204764,Communication Services,Movies & Entertainment
NEM,,1.4328892,-0.05159,42367418368.0,-0.08942987215116917,Materials,Gold
NWSA,44.943546,1.9219892,0.04916,16388493312.0,0.19081197544345652,Communication Services,Publishing
NWS,49.612904,2.121672,0.04916,16359459840.0,0.25397469905608405,Communication Services,Publishing
NEE,20.89911,2.8937097,0.09887999,144832249856.0,0.14520325699472816,Utilities,Multi-Utilities
NKE,22.063038,8.233533,0.3798,114614501376.0,-0.3665158530089691,Consumer Discretionary,"Apparel, Accessories & Luxury Goods"
NI,21.942074,2.0124712,0.08756,16797042688.0,0.35895019759930497,Utilities,Multi-Utilities
NDSN,26.286066,4.271545,0.17406,12189952000.0,-0.15391337118880777,Industrials,Industrial Machinery & Supplies & Components
NSC,21.924883,3.8322036,0.18303,52827041792.0,0.005295542708546361,Industrials,Rail Transportation
NTRS,12.572852,1.6867712,0.13732,20012089344.0,0.18150968625107164,Financials,Asset Management & Custody Banks
NOC,28.736292,4.611194,0.15484,67950698496.0,0.011582316444755339,Industrials,Aerospace & Defense
NCLH,22.122807,9.767622,0.69788,11089435648.0,0.23870326902308528,Consumer Discretionary,"Hotels, Resorts & Cruise Lines"
NRG,22.284653,9.866302,0.31931,18237016064.0,0.8463905225267034,Utilities,Independent Power Producers & Energy Traders
NUE,11.226178,1.3377987,0.13221,27388588032.0,-0.32507814809412594,Materials,Steel
NVDA,52.5447,76.225975,1.23767,3255653892096.0,1.6367356365605459,Information Technology,Semiconductors
NVR,16.5569,5.8084846,0.38716,24802109440.0,0.17647401118457023,Consumer Discretionary,Homebuilding
NXPI,20.069723,5.674435,0.29555,53405802496.0,-0.09788343497998729,Information Technology,Semiconductors
ORLY,30.261934,,,70632931328.0,0.2857593039053276,Consumer Discretionary,Automotive Retail
OXY,12.527396,1.6257199,0.13118,42905731072.0,-0.2191769569360686,Energy,Oil & Gas Exploration & Production
ODFL,33.567425,9.8131275,0.30241,40921161728.0,-0.02470421512948289,Industrials,Cargo Ground Transportation
OMC,12.090163,4.369723,0.33923998,17382373376.0,0.01958521760913418,Communication Services,Advertising
ON,16.331264,3.2635,0.2183,28023830528.0,-0.23158200503335155,Information Technology,Semiconductors
OKE,20.800848,3.3962915,0.16875,57361764352.0,0.4453113479184714,Energy,Oil & Gas Storage & Transportation
ORCL,41.605133,53.86673,1.55578,475944681472.0,0.6469705167319815,Information Technology,Application Software
OTIS,23.252487,,,37339615232.0,0.03642306180054721,Industrials,Industrial Machinery & Supplies & Components
PCAR,12.022931,3.0192418,0.27142,56354492416.0,0.11672727906858767,Industrials,Construction Machinery & Heavy Transportation Equipment
PKG,26.652277,4.7771525,0.18972,20512335872.0,0.38631956347044294,Materials,Paper & Plastic Packaging Products & Materials
PLTR,377.15,38.057518,0.12409,171831050240.0,3.1450549054384793,Information Technology,Internet Services & Infrastructure
PANW,49.2026,11.912337,0.74517995,124303958016.0,0.23286690660985146,Information Technology,Systems Software
PARA,,0.42619333,-0.30080998,7545396736.0,-0.34695760903128964,Communication Services,Movies & Entertainment
PH,28.973661,6.425155,0.24641001,82831966208.0,0.4186618082539418,Industrials,Industrial Machinery & Supplies & Components
PAYX,29.635395,12.990933,0.45672,50022223872.0,0.09579004656312728,Industrials,Human Resource & Employment Services
PAYC,24.938103,7.708326,0.32584998,11964000256.0,0.033141002510773225,Industrials,Human Resource & Employment Services
PYPL,20.808615,4.3372893,0.22188,87200931840.0,0.41984991413817385,Financials,Transaction & Payment Processing Services
PNR,25.3525,4.7891383,0.20408002,16756077568.0,0.42971948718163844,Industrials,Industrial Machinery & Supplies & Components
PEP,22.588493,10.80957,0.48819,210120261632.0,-0.0829341682845247,Consumer Staples,Soft Drinks & Non-alcoholic Beverages
PFE,34.306667,1.5796906,0.04538,145811652608.0,-0.033796456886721324,Health Care,Pharmaceuticals
PCG,15.386719,1.5688226,0.10674,43201175552.0,0.10895267122776438,Utilities,Multi-Utilities
PM,19.581745,,,191811600384.0,0.30600253080087403,Consumer Staples,Tobacco
PSX,14.045978,1.5813768,0.11121,45420531712.0,-0.15315309546524797,Energy,Oil & Gas Refining & Marketing
PNW,16.028194,1.4644408,0.09578,9695198208.0,0.15667383655874986,Utilities,Multi-Utilities
PNC,16.27665,1.5445071,0.099020004,76337086464.0,0.26298166531254474,Financials,Diversified Banks
POOL,29.466955,9.126412,0.31463,13064073216.0,-0.1251528698150739,Consumer Discretionary,Distributors
PPG,19.047544,3.5803866,0.19149,27884081152.0,-0.1916195294447024,Materials,Specialty Chemicals
PPL,28.914415,1.6802785,0.05864,23685146624.0,0.17434946470508028,Utilities,Electric Utilities
PFG,,1.5413496,-0.01274,17277962240.0,-0.03709364112065842,Financials,Life & Health Insurance
PG,29.082533,7.7818184,0.28766,397245087744.0,0.17170525015308075,Consumer Staples,Personal Care Products
PGR,17.455881,5.1844683,0.36411,140809928704.0,0.5668306299320521,Financials,Property & Casualty Insurance
PLD,30.960726,1.7905128,0.05662,94914412544.0,-0.23670484470550343,Real Estate,Industrial REITs
PRU,10.339715,1.3587853,0.13773,41328926720.0,0.11799535125552976,Financials,Life & Health Insurance
PEG,20.582308,2.5919735,0.13,41736306688.0,0.3612283944885374,Utilities,Electric Utilities
PTC,60.588146,7.0638247,0.12775,22708586496.0,0.1050154648315566,Information Technology,Application Software
PSA,30.52648,9.786278,0.19163999,51498549248.0,0.01347998240026025,Real Estate,Self-Storage REITs
PHM,8.066371,1.9425304,0.26705,22431868928.0,0.06722606628216224,Consumer Discretionary,Homebuilding
QRVO,,1.9209416,-0.03908,6541247488.0,-0.38357388534282966,Information Technology,Semiconductors
PWR,59.488247,6.7308164,0.12696,47593992192.0,0.4995176897135028,Industrials,Construction & Engineering
QCOM,16.966442,6.4254847,0.42253,168516485120.0,0.0597358170983718,Information Technology,Semiconductors
DGX,20.20699,2.4729006,0.13224,16780198912.0,0.1133821943049674,Health Care,Health Care Services
RL,21.236643,5.658929,0.28424,13820597248.0,0.5778801328839824,Consumer Discretionary,"Apparel, Accessories & Luxury Goods"
RJF,15.562951,2.7883992,0.19348,30771003392.0,0.3707053015556074,Financials,Investment Banking & Brokerage
RTX,33.386166,2.5231404,0.073460005,154198671360.0,0.4430742430952458,Industrials,Aerospace & Defense
O,50.338097,1.2028356,0.02513,46259277824.0,-0.07741318384390171,Real Estate,Retail REITs
REG,34.839626,2.0437188,0.0583,13486984192.0,0.10387082002474793,Real Estate,Retail REITs
REGN,17.42707,2.591255,0.17166,77464207360.0,-0.17949929490663286,Health Care,Biotechnology
RF,13.248589,1.2589252,0.10042,21312862208.0,0.20071684272773307,Financials,Regional Banks
RSG,32.732,5.708008,0.18284,64063070208.0,0.2621853074846487,Industrials,Environmental & Facilities Services
RMD,30.565563,6.5200315,0.23565,33876113408.0,0.3650990837415507,Health Care,Health Care Equipment
RVTY,52.811302,1.6929828,0.03308,13368660992.0,0.08587880274320316,Health Care,Health Care Equipment
ROK,34.0579,9.128059,0.25539,31875338240.0,-0.07237900953678092,Industrials,Electrical Components & Equipment
ROL,48.448452,17.271223,0.38792,22759913472.0,0.11494655351391075,Industrials,Environmental & Facilities Services
ROP,38.697575,3.045659,0.08238,56391733248.0,-0.028898465020165666,Information Technology,Electronic Equipment & Instruments
ROST,23.405361,10.209852,0.43236,48958160896.0,0.10788410247016027,Consumer Discretionary,Apparel Retail
RCL,23.012026,8.76498,0.44263,61749833728.0,0.8744695556201371,Consumer Discretionary,"Hotels, Resorts & Cruise Lines"
SPGI,43.191696,4.463239,0.099309996,151714971648.0,0.12196519813981292,Financials,Financial Exchanges & Data
CRM,56.133442,5.54691,0.09734,326078627840.0,0.302484721087891,Information Technology,Application Software
SBAC,31.49921,,,21439010816.0,-0.19759348472011828,Real Estate,Telecom Tower REITs
SLB,11.881029,2.425655,0.21722999,52178944000.0,-0.2847288213579197,Energy,Oil & Gas Equipment & Services
STX,22.99225,,,18821939200.0,0.055766547765912645,Information Technology,"Technology Hardware, Storage & Peripherals"
SRE,18.914097,1.8870869,0.09734,54389972992.0,0.14158470291207148,Utilities,Multi-Utilities
NOW,165.40958,23.767433,0.16221,220800434176.0,0.5327107672716452,Information Technology,Systems Software
SHW,34.262947,20.741634,0.64452004,86637428736.0,0.11050137908878373,Materials,Specialty Chemicals
SPG,22.861517,20.963371,0.81232,64464957440.0,0.18940072865867902,Real Estate,Retail REITs
SWKS,24.189703,2.250971,0.12777,14274547712.0,-0.2072119634114311,Information Technology,Semiconductors
SJM,22.162628,1.5141959,0.10090999,11674366976.0,-0.11234723617010926,Consumer Staples,Packaged Foods & Meats
SW,72.05556,1.4959631,,26985693184.0,0.12245780393612041,Materials,Paper & Plastic Packaging Products & Materials
SNA,17.444729,3.253927,0.20599002,17809788928.0,0.18520325988455383,Industrials,Industrial Machinery & Supplies & Components
SOLV,175.6579,3.6125996,0.09747,11531529216.0,-0.034008661736819004,Health Care,Health Care Technology
SO,19.165503,2.7054954,0.12713,90086809600.0,0.1603161235182383,Utilities,Electric Utilities
LUV,,1.8759722,-0.00447,19530434560.0,0.12254389416680721,Industrials,Passenger Airlines
SWK,,1.3826733,-0.02031,12250641408.0,-0.19431209012695366,Industrials,Industrial Machinery & Supplies & Components
SBUX,27.216013,,,102138363904.0,-0.06888889835170381,Consumer Discretionary,Restaurants
STT,15.126959,1.2338119,0.0855,28292003840.0,0.24320501804450642,Financials,Asset Management & Custody Banks
STLD,10.396133,1.9481801,0.19703,17600282624.0,-0.07159487252226185,Materials,Steel
STE,34.34259,3.0539088,0.092700005,20135794688.0,-0.040655588305469996,Health Care,Health Care Equipment
SYK,38.234474,6.7564087,0.18868,136136040448.0,0.23077715961961098,Health Care,Health Care Equipment
SMCI,15.840796,3.416309,0.32469,18644389888.0,0.060944336828200774,Information Technology,"Technology Hardware, Storage & Peripherals"
SYF,8.382467,1.7023156,0.21279,25130207232.0,0.7388200438094151,Financials,Consumer Finance
SNPS,53.94757,9.943113,0.21819,76904202240.0,-0.10292664150956646,Information Technology,Application Software
SYY,19.77635,17.11838,0.88346,37790015488.0,0.046097353106405364,Consumer Staples,Food Distributors
TMUS,25.093607,3.9845564,0.16087,255098912768.0,0.4077490612644069,Communication Services,Wireless Telecommunication Services
TROW,12.43391,2.4604795,0.20495,25219846144.0,0.06813699773989593,Financials,Asset Management & Custody Banks
TTWO,,5.5136194,-0.50913,31993972736.0,0.13714108389029026,Communication Services,Interactive Home Entertainment
TPR,18.301449,4.9335833,0.29924,14713892864.0,0.7499998942711454,Consumer Discretionary,"Apparel, Accessories & Luxury Goods"
TRGP,31.18231,14.653491,0.33885,37670383616.0,1.022596798888061,Energy,Oil & Gas Storage & Transportation
TGT,13.93949,4.513302,0.33968,60167815168.0,-0.05102260466667314,Consumer Staples,Consumer Staples Merchandise Retail
TEL,14.031915,3.5220294,0.26461,43405410304.0,0.02450219842072282,Information Technology,Electronic Manufacturing Services
TDY,23.412956,2.2482593,0.103140004,21560088576.0,0.08621337355149522,Information Technology,Electronic Equipment & Instruments
TFX,34.441868,1.798885,0.05412,8062022656.0,-0.3181435919289889,Health Care,Health Care Equipment
TER,40.430157,7.1503563,0.19206,20741163008.0,0.17696835615138412,Information Technology,Semiconductor Materials & Equipment
TSLA,118.57808,19.848207,0.20389,1389346029568.0,0.7362130370130671,Consumer Discretionary,Automobile Manufacturers
TXN,34.581783,9.826239,0.29293,169717972992.0,0.10323768812334357,Information Technology,Semiconductors
TPL,56.901024,24.231709,0.445,25492258816.0,1.0840517688571771,Energy,Oil & Gas Exploration & Production
TXT,16.667395,2.0327718,0.12597999,14130448384.0,-0.03995460442731843,Industrials,Aerospace & Defense
TMO,32.3895,4.033388,0.12944001,197604278272.0,-0.0027364079758663545,Health Care,Life Sciences Tools & Services
TJX,28.646227,18.854393,0.66199,136540471296.0,0.36028668203710384,Consumer Discretionary,Apparel Retail
TSCO,25.606413,12.309165,0.5058,28151007232.0,0.21256321460619299,Consumer Discretionary,Other Specialty Retail
TT,34.8578,11.271137,0.35146,85497872384.0,0.5836529472606969,Industrials,Building Products
TDG,48.79961,,,70384148480.0,0.2700107822023003,Industrials,Aerospace & Defense
TRV,12.230612,1.9517412,0.19059,54060036096.0,0.3026093105574696,Financials,Property & Casualty Insurance
TRMB,11.86622,2.9664311,0.28913,17329000448.0,0.370677969036625,Information Technology,Electronic Equipment & Instruments
TFC,,0.9700637,-0.09505,57255940096.0,0.1752043643461978,Financials,Diversified Banks
TYL,107.76182,7.742926,0.077259995,25366302720.0,0.4441059964191183,Information Technology,Application Software
TSN,26.008888,1.1323092,0.044710003,20843243520.0,0.12951165617864238,Consumer Staples,Packaged Foods & Meats
USB,14.769231,1.4392371,0.09779,74881433600.0,0.0664297220610282,Financials,Diversified Banks
UBER,29.953203,8.656748,0.34326,128037691392.0,-0.01705464427362516,Industrials,Passenger Ground Transportation
UDR,113.85526,4.1130333,0.02841,16252930048.0,0.14944208531382067,Real Estate,Multi-Family Residential REITs
ULTA,16.937073,8.95904,0.54978,19596091392.0,-0.13869925938753114,Consumer Discretionary,Other Specialty Retail
UNP,20.720615,8.257914,0.43396,136800387072.0,-0.0674952033310294,Industrials,Rail Transportation
UAL,11.384981,2.746485,0.27245,31414235136.0,1.1918309460693914,Industrials,Passenger Airlines
UPS,18.519638,6.203826,0.31422,104623161344.0,-0.24757581540967236,Industrials,Air Freight & Logistics
URI,18.834858,5.514724,0.31401,47264206848.0,0.25974220348297733,Industrials,Trading Companies & Distributors
UNH,31.762182,4.772654,0.15252,449853259776.0,-0.07964299627551319,Health Care,Managed Health Care
UHS,11.752663,1.7628173,0.16341,11644576768.0,0.18608473912986867,Health Care,Health Care Facilities
VLO,10.420405,1.485326,0.13797,37508988928.0,-0.07847867614910294,Energy,Oil & Gas Refining & Marketing
VTR,,2.522662,-0.00543,24633686016.0,0.18986834926642635,Real Estate,Health Care REITs
VLTO,31.56173,12.936116,0.5368,25289715712.0,0.29689288668525005,Industrials,Environmental & Facilities Services
VRSN,22.596153,,,18631387136.0,-0.06181947386305589,Information Technology,Internet Services & Infrastructure
VRSK,42.525078,130.04366,2.65609,38912458752.0,0.1726063829787234,Industrials,Research & Consulting Services
VZ,17.370216,1.7535704,0.10431,168912240640.0,0.07372757589303168,Communication Services,Integrated Telecommunication Services
VRTX,,6.3601885,-0.029849999,99334086656.0,-0.06077722776912398,Health Care,Biotechnology
VTRS,,0.7378482,-0.043449998,14603573248.0,0.19133389594234348,Health Care,Pharmaceuticals
VICI,10.633333,1.1513937,0.111899994,30265219072.0,-0.08391834892502587,Real Estate,Hotel & Resort REITs
V,32.44039,15.721721,0.50708,611237036032.0,0.20055807559129507,Financials,Transaction & Payment Processing Services
VST,26.073309,15.940015,0.30168,47192748032.0,2.6812634180051687,Utilities,Electric Utilities
VMC,40.94774,4.4062347,0.11133,34662711296.0,0.16993536422017763,Materials,Construction Materials
WRB,14.971723,2.6346982,0.20537001,22193459200.0,0.2440900846605324,Financials,Property & Casualty Insurance
GWW,29.583355,15.174432,0.52611,53147987968.0,0.3251693726742825,Industrials,Industrial Machinery & Supplies & Components
WAB,31.810518,3.223457,0.103690006,32752779264.0,0.5608207348541709,Industrials,Construction Machinery & Heavy Transportation Equipment
WBA,,0.7746712,-0.75969005,8086564864.0,-0.6283730362067741,Consumer Staples,Drug Retail
WMT,38.665287,8.986746,0.18531999,751684288512.0,0.8378289642512621,Consumer Staples,Consumer Staples Merchandise Retail
DIS,41.353382,2.030017,0.0546,203696717824.0,0.203522386836429,Communication Services,Movies & Entertainment
WBD,,0.74397486,-0.27295,26126258176.0,-0.13132141764229,Communication Services,Broadcasting
WM,31.487022,10.374247,0.35025,82777726976.0,0.18155257454799062,Industrials,Environmental & Facilities Services
WAT,34.10153,13.247602,0.4964,21240350720.0,0.11740172966616551,Health Care,Life Sciences Tools & Services
WEC,22.92665,2.4552903,0.105220005,29664512000.0,0.13715738156882226,Utilities,Electric Utilities
WFC,14.426195,1.4098501,0.099139996,231033307136.0,0.3792486085378397,Financials,Diversified Banks
WELL,80.254776,2.5686502,0.03417,78458937344.0,0.38330207149950163,Real Estate,Health Care REITs
WST,48.319466,8.566649,0.17778,23551039488.0,-0.09215524466969026,Health Care,Health Care Supplies
WDC,66.64835,1.8023773,0.033239998,20967190528.0,,Information Technology,"Technology Hardware, Storage & Peripherals"
